Name	title	coding
t3_qkovqw	I’m an industrial engineer working in an automation / robots company . The work environment is dominated by mechanical/electrical/mechatronics engineers and the only way to grow within the company it’s learning technical (robotics - mechanical) skill . Any relevant masters degree recommended ?	o
t3_qoec88	Construction Engineering and Management (MEng)	c
t3_qp3rtm	what are my chances of getting into concordia	o
t3_qpe7hw	Housing Accomodation	r
t3_qmz7j7	Can anyone share the Econ 301 course outline with me?	c
t3_qmry9i	Relevent post, this scammer is around Concordia (St. Catherines just west of rue Guy)	o
t3_qpyqie	Question for CS students	c
t3_qo4ris	DISC on DISC date?	o
t3_qnqvld	How Prof Aimaan Hanna knows everyone name by face, even though all new students never met him ?	c
t3_qmx5wu	What's going on at Space Concordia	o
t3_qoi8u0	Account Balance	o
t3_qp6olo	Anyone here doing options trading	c
t3_qo535h	Im in Software Engineering and I have two options next semester. Either to take the ENGR 233 with Chantal David but take the SOEN 228 with Donald Peter Davies. OR take ENGR 233 with Alexei Kokotov but take SOEN 228 with Hakim Mella . Which option should I go for?	c
t3_qktjdp	DISC classes - As an international student	c
t3_qm3gfp	When looking at housing prices on the Concordia website, are the prices in CAD or USD?	r
t3_qp2lc5	SOS tutoring for Math 209	c
t3_qmoiy3	Do I have hope to pass my class?	c
t3_qlh9o9	Is this... allowed ?	o
t3_qp6cg0	Is there and art club or something that students from outside of fine arts can join?	o
t3_qou8a7	COMM 225 Midterm 2	c
t3_qne2cy	Just submitted my application for fall 2022!!!	o
t3_qoxt8d	What would people say is the easiest math course to take a Concordia?	c
t3_qmm8cj	Math 204 Advice ?	c
t3_qoamk1	Comm 210 help	c
t3_qq7zbj	COMP 232 + 233 in one semester?	c
t3_qp4jb2	Canadian citizen ship	o
t3_qq9nd3	Failed Math 208 Midterm	c
t3_qplp47	Conconrdia Engr courses attendance policy	c
t3_qm3emw	Confusion Regarding Admission	o
t3_qptic5	What kind of phone do you use? (Survey for a class)	o
t3_qq6isg	PHYS204	c
t3_qq3qev	I need tutoring for engr 242 statics please send halp 🚀🚀🚀🚀🙏🏻🙏🏻🙏🏻	c
t3_qn0dnv	Self-study source for MATH and PHYS	c
t3_qnf3mt	To do checklist on student centre after I applied (I'm international so it asks for like visa expense documents, etc), do I need to do it before or after I have a decision?	o
t3_qmnn6h	Hard course load for winter?	c
t3_qple7p	Did not meet the requirements on conditional offer	o
t3_qm78z3	Winter 2022 Schedule Advice	c
t3_qm5my8	looking for paid tutorials	c
t3_qlkt9z	STL (Laval Buses) Strike: November 3rd, 15th, 26th	o
t3_qm1wq9	Wheelchair	o
t3_qpyg82	Ontario Transfer to Concordia University	o
t3_qlyd20	CAQ and Study Permit	o
t3_qogisc	Chem 203	c
t3_qncmqz	Anyone know any good psychoanalysts around?	o
t3_ql6cz7	Grad preparation Winter 2022	c
t3_qp5j44	Concordia or uwindsor	o
t3_qly38g	COURSE QUESTION	c
t3_qpr2og	Guys , what’s the best website/app to find apartments for rent for students?	r
t3_qlgutl	Can we Petition Removal Of A Prof From A Teaching Position?	o
t3_qm1ai3	Discord link for SOEN	c
