Name	title	coding
t3_qq6ao9	OSD Exam Procedure	c
t3_qmvj56	course equivalency	c
t3_qn2l92	Study spots in 2001 av McGill College	c
t3_qo77a3	CodeJam Updates!	o
t3_qnfz1o	Here's a nice secret study spot - can anyone guess where it is?	o
t3_qnmk8g	Where are Bell customer service people located?	o
t3_qns1ue	Petition for Thomson House Menu change!	f
t3_qqb9as	Math 315 MT2	c
t3_qos56x	Quick SOCI235 Questions	c
t3_qnlnww	Question about PHGY212 Final	c
t3_qmtz2g	MGCR 341 midterm location	c
t3_qodyxq	Wellness hub replacement?	o
t3_qou8zc	fall 2021 SSMU referendum starts tomorrow!	o
t3_qq0d9v	Should I wait until the status of the medical exam is updated to arrive?	o
t3_qmt2hq	Can you talk in the Redpath floor 2 pods?	o
t3_qph27r	Struggling with Language at Work	o
t3_qq569m	Missed lecture	c
t3_qphbd3	DONE WITH HEALTH SERVICES	o
t3_qpd7vg	Is there free COVID testing for McGill students?	o
t3_qnqqcq	Good complementary classes with no essays (engineering)	o
t3_qo9l6v	Is Submitting a Final Exam Paper to a Journal Problematic?	o
t3_qpknpx	PHIL 434 Midterm	c
t3_qncn98	Anyone know any good psychoanalysts around?	o
t3_qpqlpc	Difficulty to find a date at McGill :/	o
t3_qp5rs9	COMP 252	c
t3_qnu3xn	Any fans of Better Call Saul?	o
t3_qorssr	Is it cold on campus today?	o
t3_qngvlt	Geog216 midterm two	c
t3_qnfh8q	caged squirrel in leacock I'd like to know if it's ok	o
t3_qnu7f4	Where are some quiet areas of Montreal?	o
t3_qn8xww	Hot water on campus?	o
t3_qphp3l	Hot chocolate	o
t3_qp0a8e	Anyone willing to share psyc 213 notes?	c
t3_qo1vab	Winter 2022 Exchange Reinstatement: Australia	o
t3_qphe5x	Starting a band	o
t3_qnukdm	Failing	c
t3_qplrde	Comp 598 students: Should res provide better vegetarian food options?	f
t3_qnj3aq	Getting permission to do an exam in a private room	c
t3_qp5hbh	anyone took mgcr 382 with Nicholas Matziorinis?	c
t3_qpishs	Fast pass sticker??	o
t3_qpo74y	Grading at McGill	c
t3_qnotut	Positive COVID Case at CHEM 222 midterm 2/Lab	c
t3_qn2sji	REAL TALK FRIDAY	o
t3_qq5p9m	French courses at McGill FRSL vs CEFN	c
t3_qoet9m	Anyone done the government's free french courses that you get paid to do?	c
t3_qpkoxu	"Anyone else getting constant ""Unexpected Server Response"" on mycourses when trying to access documents?"	o
t3_qprgxb	Recommendations for U3 electives?	c
t3_qnqejc	Final exams and webwork	c
t3_qp87j2	On-campus study spots with nice outside view ?	o
t3_qp3xao	To full time students/part time workers in the Life Sciences program, what should be the maximum amount of hours you allot for work without compromising your studies??	c
